product_id,category,subcategory
PRD-EL-NOT-017,Eletrônicos,Notebooks
PRD-EL-NOT-008,Eletrônicos,Notebooks
PRD-EL-SMA-068,Eletrônicos,Smartphones
PRD-CA-DEC-017,Casa,Decoração
PRD-EL-ACE-011,Eletrônicos,Acessórios
PRD-EL-ÁUD-075,Eletrônicos,Áudio
PRD-CA-ORG-007,Casa,Organização
PRD-EL-LIN-032,Eletrodomésticos,Linha Branca
PRD-EL-ACE-003,Eletrônicos,Acessórios
PRD-EL-ACE-069,Eletrônicos,Acessórios
PRD-EL-LIN-019,Eletrodomésticos,Linha Branca
PRD-EL-ÁUD-048,Eletrônicos,Áudio
PRD-EL-CLI-060,Eletrodomésticos,Climatização
PRD-EL-SMA-018,Eletrônicos,Smartphones
PRD-EL-ÁUD-007,Eletrônicos,Áudio
PRD-EL-NOT-010,Eletrônicos,Notebooks
PRD-EL-POR-016,Eletrodomésticos,Portáteis
PRD-EL-NOT-021,Eletrônicos,Notebooks
PRD-CA-MÓV-076,Casa,Móveis
PRD-EL-ACE-007,Eletrônicos,Acessórios
PRD-EL-ACE-066,Eletrônicos,Acessórios
PRD-CA-MÓV-049,Casa,Móveis
PRD-EL-POR-018,Eletrodomésticos,Portáteis
PRD-EL-POR-073,Eletrodomésticos,Portáteis
PRD-CA-MÓV-079,Casa,Móveis
PRD-EL-LIN-052,Eletrodomésticos,Linha Branca
PRD-EL-SMA-024,Eletrônicos,Smartphones
PRD-CA-COZ-070,Casa,Cozinha
PRD-EL-NOT-070,Eletrônicos,Notebooks
PRD-EL-CLI-068,Eletrodomésticos,Climatização
PRD-CA-COZ-016,Casa,Cozinha
PRD-CA-COZ-072,Casa,Cozinha
PRD-EL-NOT-024,Eletrônicos,Notebooks
PRD-EL-NOT-041,Eletrônicos,Notebooks
PRD-EL-NOT-078,Eletrônicos,Notebooks
PRD-EL-NOT-043,Eletrônicos,Notebooks
PRD-CA-DEC-084,Casa,Decoração
PRD-EL-POR-031,Eletrodomésticos,Portáteis
PRD-EL-NOT-005,Eletrônicos,Notebooks
PRD-EL-LIN-050,Eletrodomésticos,Linha Branca
PRD-EL-ÁUD-020,Eletrônicos,Áudio
PRD-EL-SMA-084,Eletrônicos,Smartphones
PRD-EL-ACE-021,Eletrônicos,Acessórios
PRD-EL-SMA-056,Eletrônicos,Smartphones
PRD-CA-MÓV-047,Casa,Móveis
PRD-EL-SMA-030,Eletrônicos,Smartphones
PRD-EL-ÁUD-051,Eletrônicos,Áudio
PRD-EL-ACE-002,Eletrônicos,Acessórios
PRD-EL-CLI-011,Eletrodomésticos,Climatização
PRD-EL-ACE-051,Eletrônicos,Acessórios
PRD-CA-ORG-062,Casa,Organização
PRD-EL-ÁUD-069,Eletrônicos,Áudio
PRD-EL-POR-017,Eletrodomésticos,Portáteis
PRD-CA-ORG-043,Casa,Organização
PRD-CA-ORG-024,Casa,Organização
PRD-CA-DEC-001,Casa,Decoração
PRD-CA-ORG-030,Casa,Organização
PRD-CA-MÓV-002,Casa,Móveis
PRD-CA-ORG-057,Casa,Organização
PRD-EL-ÁUD-035,Eletrônicos,Áudio
PRD-EL-SMA-039,Eletrônicos,Smartphones
PRD-CA-COZ-080,Casa,Cozinha
PRD-EL-ÁUD-028,Eletrônicos,Áudio
PRD-EL-ACE-030,Eletrônicos,Acessórios
PRD-CA-ORG-066,Casa,Organização
PRD-EL-POR-075,Eletrodomésticos,Portáteis
PRD-CA-MÓV-073,Casa,Móveis
PRD-EL-LIN-085,Eletrodomésticos,Linha Branca
PRD-EL-ACE-017,Eletrônicos,Acessórios
PRD-CA-DEC-027,Casa,Decoração
PRD-EL-SMA-023,Eletrônicos,Smartphones
PRD-EL-NOT-029,Eletrônicos,Notebooks
PRD-CA-MÓV-036,Casa,Móveis
PRD-CA-COZ-002,Casa,Cozinha
PRD-EL-CLI-085,Eletrodomésticos,Climatização
PRD-EL-NOT-040,Eletrônicos,Notebooks
PRD-EL-NOT-063,Eletrônicos,Notebooks
PRD-EL-POR-025,Eletrodomésticos,Portáteis
PRD-CA-MÓV-063,Casa,Móveis
PRD-EL-NOT-022,Eletrônicos,Notebooks
PRD-EL-ACE-079,Eletrônicos,Acessórios
PRD-EL-POR-046,Eletrodomésticos,Portáteis
PRD-EL-SMA-012,Eletrônicos,Smartphones
PRD-EL-CLI-016,Eletrodomésticos,Climatização
PRD-CA-MÓV-024,Casa,Móveis
PRD-CA-MÓV-064,Casa,Móveis
PRD-EL-ÁUD-083,Eletrônicos,Áudio
PRD-CA-MÓV-070,Casa,Móveis
PRD-CA-MÓV-009,Casa,Móveis
PRD-EL-CLI-006,Eletrodomésticos,Climatização
PRD-EL-SMA-071,Eletrônicos,Smartphones
PRD-CA-COZ-031,Casa,Cozinha
PRD-EL-ÁUD-009,Eletrônicos,Áudio
PRD-CA-ORG-075,Casa,Organização
PRD-EL-ÁUD-081,Eletrônicos,Áudio
PRD-EL-SMA-079,Eletrônicos,Smartphones
PRD-EL-ACE-028,Eletrônicos,Acessórios
PRD-EL-ÁUD-017,Eletrônicos,Áudio
PRD-CA-DEC-010,Casa,Decoração
PRD-CA-DEC-042,Casa,Decoração
PRD-EL-ÁUD-057,Eletrônicos,Áudio
PRD-EL-NOT-004,Eletrônicos,Notebooks
PRD-CA-DEC-025,Casa,Decoração
PRD-EL-POR-041,Eletrodomésticos,Portáteis
PRD-EL-ACE-019,Eletrônicos,Acessórios
PRD-EL-ACE-057,Eletrônicos,Acessórios
PRD-EL-NOT-028,Eletrônicos,Notebooks
PRD-EL-ÁUD-085,Eletrônicos,Áudio
PRD-EL-LIN-065,Eletrodomésticos,Linha Branca
PRD-EL-POR-054,Eletrodomésticos,Portáteis
PRD-EL-NOT-056,Eletrônicos,Notebooks
PRD-EL-ÁUD-067,Eletrônicos,Áudio
PRD-CA-COZ-007,Casa,Cozinha
PRD-EL-LIN-026,Eletrodomésticos,Linha Branca
PRD-CA-COZ-059,Casa,Cozinha
PRD-CA-COZ-047,Casa,Cozinha
PRD-CA-DEC-019,Casa,Decoração
PRD-EL-LIN-021,Eletrodomésticos,Linha Branca
PRD-EL-LIN-024,Eletrodomésticos,Linha Branca
PRD-EL-ÁUD-023,Eletrônicos,Áudio
PRD-CA-ORG-063,Casa,Organização
PRD-EL-ACE-036,Eletrônicos,Acessórios
PRD-CA-ORG-072,Casa,Organização
PRD-CA-ORG-051,Casa,Organização
PRD-EL-SMA-021,Eletrônicos,Smartphones
PRD-CA-COZ-008,Casa,Cozinha
PRD-CA-COZ-022,Casa,Cozinha
PRD-EL-LIN-051,Eletrodomésticos,Linha Branca
PRD-CA-MÓV-044,Casa,Móveis
PRD-EL-LIN-078,Eletrodomésticos,Linha Branca
PRD-EL-ACE-059,Eletrônicos,Acessórios
PRD-EL-ACE-063,Eletrônicos,Acessórios
PRD-EL-ACE-037,Eletrônicos,Acessórios
PRD-EL-SMA-080,Eletrônicos,Smartphones
PRD-CA-ORG-040,Casa,Organização
PRD-CA-ORG-016,Casa,Organização
PRD-EL-CLI-074,Eletrodomésticos,Climatização
PRD-CA-COZ-068,Casa,Cozinha
PRD-EL-ACE-006,Eletrônicos,Acessórios
PRD-CA-COZ-064,Casa,Cozinha
PRD-EL-SMA-026,Eletrônicos,Smartphones
PRD-CA-DEC-039,Casa,Decoração
PRD-CA-ORG-056,Casa,Organização
PRD-EL-ÁUD-033,Eletrônicos,Áudio
PRD-EL-ÁUD-003,Eletrônicos,Áudio
PRD-EL-NOT-023,Eletrônicos,Notebooks
PRD-EL-ACE-004,Eletrônicos,Acessórios
PRD-EL-CLI-013,Eletrodomésticos,Climatização
PRD-CA-MÓV-012,Casa,Móveis
PRD-EL-ACE-077,Eletrônicos,Acessórios
PRD-EL-NOT-037,Eletrônicos,Notebooks
PRD-EL-ÁUD-070,Eletrônicos,Áudio
PRD-EL-POR-069,Eletrodomésticos,Portáteis
PRD-CA-DEC-006,Casa,Decoração
PRD-CA-MÓV-052,Casa,Móveis
PRD-EL-NOT-055,Eletrônicos,Notebooks
PRD-EL-ÁUD-054,Eletrônicos,Áudio
PRD-EL-POR-015,Eletrodomésticos,Portáteis
PRD-CA-ORG-058,Casa,Organização
PRD-CA-ORG-064,Casa,Organização
PRD-CA-MÓV-013,Casa,Móveis
PRD-EL-NOT-051,Eletrônicos,Notebooks
PRD-CA-ORG-053,Casa,Organização
PRD-CA-COZ-045,Casa,Cozinha
PRD-EL-POR-080,Eletrodomésticos,Portáteis
PRD-EL-LIN-023,Eletrodomésticos,Linha Branca
PRD-EL-CLI-001,Eletrodomésticos,Climatização
PRD-CA-ORG-083,Casa,Organização
PRD-EL-CLI-005,Eletrodomésticos,Climatização
PRD-CA-ORG-068,Casa,Organização
PRD-EL-ACE-075,Eletrônicos,Acessórios
PRD-EL-ÁUD-044,Eletrônicos,Áudio
PRD-EL-NOT-069,Eletrônicos,Notebooks
PRD-EL-POR-026,Eletrodomésticos,Portáteis
PRD-EL-POR-021,Eletrodomésticos,Portáteis
PRD-EL-NOT-044,Eletrônicos,Notebooks
PRD-EL-SMA-042,Eletrônicos,Smartphones
PRD-EL-ÁUD-042,Eletrônicos,Áudio
PRD-CA-COZ-018,Casa,Cozinha
PRD-CA-COZ-037,Casa,Cozinha
PRD-EL-POR-040,Eletrodomésticos,Portáteis
PRD-EL-SMA-069,Eletrônicos,Smartphones
PRD-CA-ORG-048,Casa,Organização
PRD-EL-ACE-050,Eletrônicos,Acessórios
PRD-EL-NOT-060,Eletrônicos,Notebooks
PRD-EL-SMA-006,Eletrônicos,Smartphones
PRD-EL-POR-061,Eletrodomésticos,Portáteis
PRD-CA-DEC-055,Casa,Decoração
PRD-CA-ORG-038,Casa,Organização
PRD-EL-ÁUD-043,Eletrônicos,Áudio
PRD-CA-COZ-061,Casa,Cozinha
PRD-CA-COZ-001,Casa,Cozinha
PRD-EL-NOT-066,Eletrônicos,Notebooks
PRD-EL-CLI-080,Eletrodomésticos,Climatização
PRD-CA-DEC-014,Casa,Decoração
PRD-EL-ACE-022,Eletrônicos,Acessórios
PRD-EL-ÁUD-013,Eletrônicos,Áudio
PRD-EL-ACE-041,Eletrônicos,Acessórios
PRD-CA-COZ-026,Casa,Cozinha
PRD-EL-CLI-082,Eletrodomésticos,Climatização
PRD-EL-SMA-015,Eletrônicos,Smartphones
PRD-CA-COZ-057,Casa,Cozinha
PRD-EL-NOT-076,Eletrônicos,Notebooks
PRD-EL-CLI-031,Eletrodomésticos,Climatização
PRD-CA-DEC-016,Casa,Decoração
PRD-EL-SMA-016,Eletrônicos,Smartphones
PRD-EL-ÁUD-016,Eletrônicos,Áudio
PRD-EL-LIN-003,Eletrodomésticos,Linha Branca
PRD-EL-LIN-041,Eletrodomésticos,Linha Branca
PRD-CA-MÓV-068,Casa,Móveis
PRD-EL-ACE-008,Eletrônicos,Acessórios
PRD-EL-POR-044,Eletrodomésticos,Portáteis
PRD-EL-LIN-059,Eletrodomésticos,Linha Branca
PRD-EL-ACE-014,Eletrônicos,Acessórios
PRD-EL-ÁUD-038,Eletrônicos,Áudio
PRD-CA-DEC-071,Casa,Decoração
PRD-CA-ORG-022,Casa,Organização
PRD-EL-NOT-057,Eletrônicos,Notebooks
PRD-CA-COZ-013,Casa,Cozinha
PRD-EL-LIN-001,Eletrodomésticos,Linha Branca
PRD-EL-NOT-083,Eletrônicos,Notebooks
PRD-EL-ACE-070,Eletrônicos,Acessórios
PRD-EL-ACE-049,Eletrônicos,Acessórios
PRD-EL-ÁUD-049,Eletrônicos,Áudio
PRD-EL-NOT-034,Eletrônicos,Notebooks
PRD-EL-CLI-032,Eletrodomésticos,Climatização
PRD-EL-CLI-048,Eletrodomésticos,Climatização
PRD-EL-LIN-075,Eletrodomésticos,Linha Branca
PRD-CA-MÓV-078,Casa,Móveis
PRD-EL-SMA-027,Eletrônicos,Smartphones
PRD-EL-LIN-070,Eletrodomésticos,Linha Branca
PRD-CA-ORG-054,Casa,Organização
PRD-CA-ORG-067,Casa,Organização
PRD-EL-POR-042,Eletrodomésticos,Portáteis
PRD-EL-SMA-007,Eletrônicos,Smartphones
PRD-EL-NOT-067,Eletrônicos,Notebooks
PRD-EL-POR-074,Eletrodomésticos,Portáteis
PRD-EL-ÁUD-031,Eletrônicos,Áudio
PRD-EL-ÁUD-047,Eletrônicos,Áudio
PRD-EL-NOT-075,Eletrônicos,Notebooks
PRD-EL-ACE-032,Eletrônicos,Acessórios
PRD-CA-MÓV-008,Casa,Móveis
PRD-EL-CLI-047,Eletrodomésticos,Climatização
PRD-CA-DEC-056,Casa,Decoração
PRD-CA-ORG-006,Casa,Organização
PRD-EL-ÁUD-036,Eletrônicos,Áudio
PRD-EL-NOT-035,Eletrônicos,Notebooks
PRD-EL-LIN-066,Eletrodomésticos,Linha Branca
PRD-EL-SMA-066,Eletrônicos,Smartphones
PRD-CA-DEC-083,Casa,Decoração
PRD-EL-POR-011,Eletrodomésticos,Portáteis
PRD-EL-ÁUD-080,Eletrônicos,Áudio
PRD-EL-NOT-027,Eletrônicos,Notebooks
PRD-EL-CLI-002,Eletrodomésticos,Climatização
PRD-CA-MÓV-053,Casa,Móveis
PRD-CA-COZ-065,Casa,Cozinha
PRD-CA-DEC-003,Casa,Decoração
PRD-EL-POR-013,Eletrodomésticos,Portáteis
PRD-CA-ORG-020,Casa,Organização
PRD-EL-POR-001,Eletrodomésticos,Portáteis
PRD-EL-ÁUD-040,Eletrônicos,Áudio
PRD-EL-CLI-055,Eletrodomésticos,Climatização
PRD-EL-SMA-044,Eletrônicos,Smartphones
PRD-CA-ORG-023,Casa,Organização
PRD-EL-LIN-044,Eletrodomésticos,Linha Branca
PRD-CA-ORG-027,Casa,Organização
PRD-EL-CLI-071,Eletrodomésticos,Climatização
PRD-CA-ORG-029,Casa,Organização
PRD-CA-ORG-085,Casa,Organização
PRD-CA-ORG-069,Casa,Organização
PRD-EL-POR-048,Eletrodomésticos,Portáteis
PRD-EL-CLI-070,Eletrodomésticos,Climatização
PRD-CA-DEC-045,Casa,Decoração
PRD-EL-POR-024,Eletrodomésticos,Portáteis
PRD-EL-ACE-005,Eletrônicos,Acessórios
PRD-CA-MÓV-042,Casa,Móveis
PRD-CA-COZ-062,Casa,Cozinha
PRD-EL-SMA-077,Eletrônicos,Smartphones
PRD-CA-ORG-003,Casa,Organização
PRD-EL-CLI-081,Eletrodomésticos,Climatização
PRD-EL-CLI-042,Eletrodomésticos,Climatização
PRD-EL-NOT-054,Eletrônicos,Notebooks
PRD-EL-NOT-046,Eletrônicos,Notebooks
PRD-EL-ÁUD-072,Eletrônicos,Áudio
PRD-EL-CLI-061,Eletrodomésticos,Climatização
PRD-CA-COZ-019,Casa,Cozinha
PRD-CA-MÓV-018,Casa,Móveis
PRD-EL-POR-053,Eletrodomésticos,Portáteis
PRD-EL-POR-056,Eletrodomésticos,Portáteis
PRD-CA-ORG-031,Casa,Organização
PRD-EL-SMA-001,Eletrônicos,Smartphones
PRD-EL-ÁUD-039,Eletrônicos,Áudio
PRD-EL-LIN-055,Eletrodomésticos,Linha Branca
PRD-EL-CLI-028,Eletrodomésticos,Climatização
PRD-CA-COZ-005,Casa,Cozinha
PRD-CA-DEC-069,Casa,Decoração
PRD-EL-LIN-022,Eletrodomésticos,Linha Branca
PRD-CA-DEC-018,Casa,Decoração
PRD-EL-SMA-075,Eletrônicos,Smartphones
PRD-EL-SMA-045,Eletrônicos,Smartphones
PRD-EL-NOT-072,Eletrônicos,Notebooks
PRD-CA-COZ-025,Casa,Cozinha
PRD-EL-SMA-061,Eletrônicos,Smartphones
PRD-CA-MÓV-006,Casa,Móveis
PRD-CA-COZ-060,Casa,Cozinha
PRD-EL-LIN-072,Eletrodomésticos,Linha Branca
PRD-EL-SMA-059,Eletrônicos,Smartphones
PRD-CA-MÓV-050,Casa,Móveis
PRD-CA-COZ-011,Casa,Cozinha
PRD-CA-MÓV-060,Casa,Móveis
PRD-EL-LIN-045,Eletrodomésticos,Linha Branca
PRD-EL-POR-002,Eletrodomésticos,Portáteis
PRD-CA-ORG-084,Casa,Organização
PRD-EL-CLI-063,Eletrodomésticos,Climatização
PRD-EL-NOT-071,Eletrônicos,Notebooks
PRD-EL-ACE-078,Eletrônicos,Acessórios
PRD-EL-CLI-017,Eletrodomésticos,Climatização
PRD-EL-POR-037,Eletrodomésticos,Portáteis
PRD-EL-ACE-053,Eletrônicos,Acessórios
PRD-EL-ÁUD-018,Eletrônicos,Áudio
PRD-CA-COZ-032,Casa,Cozinha
PRD-CA-COZ-055,Casa,Cozinha
PRD-CA-DEC-020,Casa,Decoração
PRD-EL-LIN-062,Eletrodomésticos,Linha Branca
PRD-EL-LIN-084,Eletrodomésticos,Linha Branca
PRD-EL-SMA-035,Eletrônicos,Smartphones
PRD-EL-CLI-043,Eletrodomésticos,Climatização
PRD-EL-CLI-066,Eletrodomésticos,Climatização
PRD-EL-CLI-078,Eletrodomésticos,Climatização
PRD-EL-ÁUD-006,Eletrônicos,Áudio
PRD-CA-DEC-015,Casa,Decoração
PRD-CA-COZ-073,Casa,Cozinha
PRD-CA-COZ-081,Casa,Cozinha
PRD-EL-POR-062,Eletrodomésticos,Portáteis
PRD-EL-NOT-003,Eletrônicos,Notebooks
PRD-EL-ÁUD-025,Eletrônicos,Áudio
PRD-CA-DEC-077,Casa,Decoração
PRD-EL-SMA-053,Eletrônicos,Smartphones
PRD-EL-LIN-081,Eletrodomésticos,Linha Branca
PRD-EL-ÁUD-046,Eletrônicos,Áudio
PRD-EL-NOT-082,Eletrônicos,Notebooks
PRD-CA-ORG-014,Casa,Organização
PRD-EL-ACE-062,Eletrônicos,Acessórios
PRD-EL-LIN-016,Eletrodomésticos,Linha Branca
PRD-CA-ORG-047,Casa,Organização
PRD-CA-MÓV-022,Casa,Móveis
PRD-CA-COZ-029,Casa,Cozinha
PRD-EL-ÁUD-079,Eletrônicos,Áudio
PRD-EL-ÁUD-011,Eletrônicos,Áudio
PRD-CA-COZ-079,Casa,Cozinha
PRD-EL-LIN-061,Eletrodomésticos,Linha Branca
PRD-EL-NOT-085,Eletrônicos,Notebooks
PRD-EL-ÁUD-084,Eletrônicos,Áudio
PRD-CA-COZ-044,Casa,Cozinha
PRD-EL-LIN-069,Eletrodomésticos,Linha Branca
PRD-CA-COZ-053,Casa,Cozinha
PRD-CA-DEC-061,Casa,Decoração
PRD-EL-ÁUD-032,Eletrônicos,Áudio
PRD-CA-DEC-058,Casa,Decoração
PRD-EL-ÁUD-026,Eletrônicos,Áudio
PRD-CA-COZ-054,Casa,Cozinha
PRD-EL-NOT-049,Eletrônicos,Notebooks
PRD-EL-ACE-027,Eletrônicos,Acessórios
PRD-CA-ORG-052,Casa,Organização
PRD-EL-ACE-084,Eletrônicos,Acessórios
PRD-CA-DEC-051,Casa,Decoração
PRD-CA-MÓV-056,Casa,Móveis
PRD-CA-COZ-050,Casa,Cozinha
PRD-CA-MÓV-038,Casa,Móveis
PRD-EL-SMA-072,Eletrônicos,Smartphones
PRD-EL-ÁUD-063,Eletrônicos,Áudio
PRD-EL-ÁUD-024,Eletrônicos,Áudio
PRD-EL-ACE-043,Eletrônicos,Acessórios
PRD-EL-ACE-052,Eletrônicos,Acessórios
PRD-EL-NOT-030,Eletrônicos,Notebooks
PRD-CA-COZ-083,Casa,Cozinha
PRD-EL-ÁUD-068,Eletrônicos,Áudio
PRD-EL-LIN-029,Eletrodomésticos,Linha Branca
PRD-EL-NOT-011,Eletrônicos,Notebooks
PRD-EL-LIN-034,Eletrodomésticos,Linha Branca
PRD-EL-POR-060,Eletrodomésticos,Portáteis
PRD-EL-ACE-065,Eletrônicos,Acessórios
PRD-CA-MÓV-069,Casa,Móveis
PRD-EL-SMA-081,Eletrônicos,Smartphones
PRD-CA-MÓV-067,Casa,Móveis
PRD-CA-ORG-078,Casa,Organização
PRD-CA-DEC-080,Casa,Decoração
PRD-CA-DEC-046,Casa,Decoração
PRD-EL-POR-058,Eletrodomésticos,Portáteis
PRD-EL-ACE-013,Eletrônicos,Acessórios
PRD-EL-NOT-080,Eletrônicos,Notebooks
PRD-EL-NOT-042,Eletrônicos,Notebooks
PRD-EL-SMA-078,Eletrônicos,Smartphones
PRD-EL-NOT-026,Eletrônicos,Notebooks
PRD-CA-COZ-012,Casa,Cozinha
PRD-CA-DEC-070,Casa,Decoração
PRD-EL-NOT-064,Eletrônicos,Notebooks
PRD-EL-POR-043,Eletrodomésticos,Portáteis
PRD-CA-ORG-013,Casa,Organização
PRD-CA-COZ-049,Casa,Cozinha
PRD-EL-NOT-032,Eletrônicos,Notebooks
PRD-CA-COZ-017,Casa,Cozinha
PRD-CA-MÓV-021,Casa,Móveis
PRD-EL-SMA-014,Eletrônicos,Smartphones
PRD-EL-ÁUD-056,Eletrônicos,Áudio
PRD-EL-CLI-035,Eletrodomésticos,Climatização
PRD-EL-NOT-077,Eletrônicos,Notebooks
PRD-EL-ÁUD-022,Eletrônicos,Áudio
PRD-EL-POR-067,Eletrodomésticos,Portáteis
PRD-EL-CLI-052,Eletrodomésticos,Climatização
PRD-CA-ORG-009,Casa,Organização
PRD-EL-NOT-002,Eletrônicos,Notebooks
PRD-EL-LIN-047,Eletrodomésticos,Linha Branca
PRD-EL-CLI-033,Eletrodomésticos,Climatização
PRD-CA-COZ-036,Casa,Cozinha
PRD-EL-ÁUD-008,Eletrônicos,Áudio
PRD-EL-SMA-036,Eletrônicos,Smartphones
PRD-EL-LIN-006,Eletrodomésticos,Linha Branca
PRD-EL-ACE-001,Eletrônicos,Acessórios
PRD-CA-MÓV-071,Casa,Móveis
PRD-CA-ORG-025,Casa,Organização
PRD-EL-CLI-044,Eletrodomésticos,Climatização
PRD-CA-DEC-011,Casa,Decoração
PRD-CA-ORG-071,Casa,Organização
PRD-EL-SMA-010,Eletrônicos,Smartphones
PRD-CA-DEC-026,Casa,Decoração
PRD-CA-DEC-081,Casa,Decoração
PRD-CA-DEC-068,Casa,Decoração
PRD-CA-COZ-085,Casa,Cozinha
PRD-EL-ACE-039,Eletrônicos,Acessórios
PRD-EL-CLI-021,Eletrodomésticos,Climatização
PRD-EL-CLI-030,Eletrodomésticos,Climatização
PRD-CA-ORG-028,Casa,Organização
PRD-EL-POR-050,Eletrodomésticos,Portáteis
PRD-CA-DEC-048,Casa,Decoração
PRD-EL-CLI-075,Eletrodomésticos,Climatização
PRD-EL-ÁUD-004,Eletrônicos,Áudio
PRD-CA-COZ-066,Casa,Cozinha
PRD-EL-LIN-031,Eletrodomésticos,Linha Branca
PRD-EL-ACE-046,Eletrônicos,Acessórios
PRD-EL-ACE-040,Eletrônicos,Acessórios
PRD-EL-CLI-014,Eletrodomésticos,Climatização
PRD-CA-ORG-042,Casa,Organização
PRD-CA-DEC-024,Casa,Decoração
PRD-EL-LIN-018,Eletrodomésticos,Linha Branca
PRD-EL-SMA-038,Eletrônicos,Smartphones
PRD-EL-ÁUD-050,Eletrônicos,Áudio
PRD-CA-DEC-076,Casa,Decoração
PRD-CA-DEC-002,Casa,Decoração
PRD-EL-ACE-055,Eletrônicos,Acessórios
PRD-EL-NOT-012,Eletrônicos,Notebooks
PRD-CA-COZ-009,Casa,Cozinha
PRD-EL-POR-072,Eletrodomésticos,Portáteis
PRD-CA-ORG-055,Casa,Organização
PRD-EL-CLI-084,Eletrodomésticos,Climatização
PRD-EL-POR-068,Eletrodomésticos,Portáteis
PRD-EL-SMA-017,Eletrônicos,Smartphones
PRD-EL-SMA-058,Eletrônicos,Smartphones
PRD-CA-ORG-045,Casa,Organização
PRD-EL-SMA-004,Eletrônicos,Smartphones
PRD-CA-COZ-035,Casa,Cozinha
PRD-EL-POR-006,Eletrodomésticos,Portáteis
PRD-EL-LIN-027,Eletrodomésticos,Linha Branca
PRD-EL-POR-049,Eletrodomésticos,Portáteis
PRD-CA-COZ-028,Casa,Cozinha
PRD-EL-CLI-050,Eletrodomésticos,Climatização
PRD-EL-CLI-069,Eletrodomésticos,Climatização
PRD-EL-CLI-018,Eletrodomésticos,Climatização
PRD-EL-LIN-008,Eletrodomésticos,Linha Branca
PRD-EL-CLI-040,Eletrodomésticos,Climatização
PRD-CA-COZ-075,Casa,Cozinha
PRD-EL-NOT-016,Eletrônicos,Notebooks
PRD-CA-ORG-034,Casa,Organização
PRD-EL-NOT-047,Eletrônicos,Notebooks
PRD-EL-CLI-008,Eletrodomésticos,Climatização
PRD-EL-POR-045,Eletrodomésticos,Portáteis
PRD-EL-POR-081,Eletrodomésticos,Portáteis
PRD-EL-LIN-030,Eletrodomésticos,Linha Branca
PRD-CA-DEC-043,Casa,Decoração
PRD-CA-MÓV-058,Casa,Móveis
PRD-CA-COZ-003,Casa,Cozinha
PRD-EL-POR-010,Eletrodomésticos,Portáteis
PRD-EL-ÁUD-012,Eletrônicos,Áudio
PRD-EL-ACE-044,Eletrônicos,Acessórios
PRD-EL-CLI-038,Eletrodomésticos,Climatização
PRD-EL-ÁUD-053,Eletrônicos,Áudio
PRD-CA-MÓV-031,Casa,Móveis
PRD-EL-ÁUD-015,Eletrônicos,Áudio
PRD-EL-POR-038,Eletrodomésticos,Portáteis
PRD-EL-ÁUD-077,Eletrônicos,Áudio
PRD-EL-NOT-006,Eletrônicos,Notebooks
PRD-CA-MÓV-033,Casa,Móveis
PRD-EL-ÁUD-061,Eletrônicos,Áudio
PRD-EL-NOT-009,Eletrônicos,Notebooks
PRD-EL-ACE-042,Eletrônicos,Acessórios
PRD-EL-ACE-020,Eletrônicos,Acessórios
PRD-EL-ACE-045,Eletrônicos,Acessórios
PRD-EL-ACE-058,Eletrônicos,Acessórios
PRD-CA-MÓV-028,Casa,Móveis
PRD-CA-DEC-062,Casa,Decoração
PRD-EL-POR-009,Eletrodomésticos,Portáteis
PRD-EL-LIN-015,Eletrodomésticos,Linha Branca
PRD-EL-CLI-003,Eletrodomésticos,Climatização
PRD-EL-NOT-015,Eletrônicos,Notebooks
PRD-EL-SMA-065,Eletrônicos,Smartphones
PRD-EL-LIN-011,Eletrodomésticos,Linha Branca
PRD-EL-CLI-051,Eletrodomésticos,Climatização
PRD-EL-POR-036,Eletrodomésticos,Portáteis
PRD-EL-ACE-060,Eletrônicos,Acessórios
PRD-EL-LIN-067,Eletrodomésticos,Linha Branca
PRD-EL-LIN-053,Eletrodomésticos,Linha Branca
PRD-CA-MÓV-043,Casa,Móveis
PRD-EL-POR-052,Eletrodomésticos,Portáteis
PRD-EL-SMA-051,Eletrônicos,Smartphones
PRD-CA-ORG-035,Casa,Organização
PRD-EL-POR-004,Eletrodomésticos,Portáteis
PRD-EL-LIN-012,Eletrodomésticos,Linha Branca
PRD-CA-COZ-042,Casa,Cozinha
PRD-EL-ÁUD-041,Eletrônicos,Áudio
PRD-EL-ACE-016,Eletrônicos,Acessórios
PRD-EL-CLI-019,Eletrodomésticos,Climatização
PRD-EL-LIN-079,Eletrodomésticos,Linha Branca
PRD-EL-CLI-012,Eletrodomésticos,Climatização
PRD-CA-MÓV-080,Casa,Móveis
PRD-EL-POR-014,Eletrodomésticos,Portáteis
PRD-EL-POR-078,Eletrodomésticos,Portáteis
PRD-EL-LIN-060,Eletrodomésticos,Linha Branca
PRD-CA-MÓV-032,Casa,Móveis
PRD-EL-POR-082,Eletrodomésticos,Portáteis
PRD-CA-MÓV-003,Casa,Móveis
PRD-CA-COZ-082,Casa,Cozinha
PRD-EL-NOT-073,Eletrônicos,Notebooks
PRD-CA-DEC-022,Casa,Decoração
PRD-EL-CLI-039,Eletrodomésticos,Climatização
PRD-EL-SMA-031,Eletrônicos,Smartphones
PRD-EL-LIN-048,Eletrodomésticos,Linha Branca
PRD-EL-CLI-004,Eletrodomésticos,Climatização
PRD-EL-LIN-043,Eletrodomésticos,Linha Branca
PRD-EL-NOT-062,Eletrônicos,Notebooks
PRD-CA-ORG-026,Casa,Organização
PRD-CA-MÓV-010,Casa,Móveis
PRD-EL-SMA-047,Eletrônicos,Smartphones
PRD-EL-SMA-008,Eletrônicos,Smartphones
PRD-CA-MÓV-055,Casa,Móveis
PRD-EL-ACE-047,Eletrônicos,Acessórios
PRD-CA-MÓV-034,Casa,Móveis
PRD-CA-ORG-077,Casa,Organização
PRD-EL-LIN-046,Eletrodomésticos,Linha Branca
PRD-EL-ACE-067,Eletrônicos,Acessórios
PRD-EL-NOT-038,Eletrônicos,Notebooks
PRD-EL-SMA-002,Eletrônicos,Smartphones
PRD-CA-COZ-024,Casa,Cozinha
PRD-EL-NOT-033,Eletrônicos,Notebooks
PRD-EL-ÁUD-034,Eletrônicos,Áudio
PRD-EL-SMA-022,Eletrônicos,Smartphones
PRD-CA-MÓV-030,Casa,Móveis
PRD-EL-POR-034,Eletrodomésticos,Portáteis
PRD-CA-COZ-052,Casa,Cozinha
PRD-CA-ORG-080,Casa,Organização
PRD-EL-POR-019,Eletrodomésticos,Portáteis
PRD-EL-NOT-039,Eletrônicos,Notebooks
PRD-CA-ORG-012,Casa,Organização
PRD-EL-NOT-058,Eletrônicos,Notebooks
PRD-EL-LIN-037,Eletrodomésticos,Linha Branca
PRD-CA-DEC-037,Casa,Decoração
PRD-EL-ACE-038,Eletrônicos,Acessórios
PRD-CA-DEC-005,Casa,Decoração
PRD-EL-LIN-014,Eletrodomésticos,Linha Branca
PRD-CA-COZ-039,Casa,Cozinha
PRD-CA-COZ-063,Casa,Cozinha
PRD-CA-ORG-005,Casa,Organização
PRD-CA-DEC-053,Casa,Decoração
PRD-EL-POR-033,Eletrodomésticos,Portáteis
PRD-CA-ORG-019,Casa,Organização
PRD-EL-NOT-001,Eletrônicos,Notebooks
PRD-CA-DEC-050,Casa,Decoração
PRD-EL-POR-085,Eletrodomésticos,Portáteis
PRD-EL-SMA-057,Eletrônicos,Smartphones
PRD-CA-DEC-009,Casa,Decoração
PRD-EL-LIN-063,Eletrodomésticos,Linha Branca
PRD-EL-SMA-067,Eletrônicos,Smartphones
PRD-CA-MÓV-040,Casa,Móveis
PRD-EL-POR-071,Eletrodomésticos,Portáteis
PRD-CA-ORG-065,Casa,Organização
PRD-EL-NOT-018,Eletrônicos,Notebooks
PRD-CA-DEC-063,Casa,Decoração
PRD-CA-DEC-065,Casa,Decoração
PRD-CA-DEC-052,Casa,Decoração
PRD-EL-NOT-031,Eletrônicos,Notebooks
PRD-EL-ÁUD-064,Eletrônicos,Áudio
PRD-EL-POR-039,Eletrodomésticos,Portáteis
PRD-EL-POR-055,Eletrodomésticos,Portáteis
PRD-EL-SMA-085,Eletrônicos,Smartphones
PRD-EL-CLI-058,Eletrodomésticos,Climatização
PRD-EL-NOT-074,Eletrônicos,Notebooks
PRD-CA-ORG-076,Casa,Organização
PRD-EL-ACE-064,Eletrônicos,Acessórios
PRD-EL-ACE-083,Eletrônicos,Acessórios
PRD-CA-DEC-085,Casa,Decoração
PRD-CA-MÓV-005,Casa,Móveis
PRD-EL-LIN-083,Eletrodomésticos,Linha Branca
PRD-EL-SMA-011,Eletrônicos,Smartphones
PRD-EL-ACE-061,Eletrônicos,Acessórios
PRD-EL-LIN-049,Eletrodomésticos,Linha Branca
PRD-EL-LIN-054,Eletrodomésticos,Linha Branca
PRD-EL-ACE-048,Eletrônicos,Acessórios
PRD-EL-CLI-020,Eletrodomésticos,Climatização
PRD-EL-ACE-068,Eletrônicos,Acessórios
PRD-EL-NOT-061,Eletrônicos,Notebooks
PRD-EL-LIN-056,Eletrodomésticos,Linha Branca
PRD-EL-LIN-057,Eletrodomésticos,Linha Branca
PRD-CA-DEC-023,Casa,Decoração
PRD-EL-ÁUD-066,Eletrônicos,Áudio
PRD-CA-DEC-012,Casa,Decoração
PRD-EL-LIN-080,Eletrodomésticos,Linha Branca
PRD-EL-LIN-025,Eletrodomésticos,Linha Branca
PRD-EL-NOT-048,Eletrônicos,Notebooks
PRD-EL-SMA-028,Eletrônicos,Smartphones
PRD-CA-MÓV-083,Casa,Móveis
PRD-EL-SMA-037,Eletrônicos,Smartphones
PRD-EL-CLI-027,Eletrodomésticos,Climatização
PRD-EL-SMA-060,Eletrônicos,Smartphones
PRD-CA-COZ-076,Casa,Cozinha
PRD-EL-LIN-039,Eletrodomésticos,Linha Branca
PRD-EL-LIN-013,Eletrodomésticos,Linha Branca
PRD-CA-COZ-077,Casa,Cozinha
PRD-EL-LIN-004,Eletrodomésticos,Linha Branca
PRD-EL-POR-063,Eletrodomésticos,Portáteis
PRD-CA-COZ-043,Casa,Cozinha
PRD-CA-COZ-069,Casa,Cozinha
PRD-EL-ÁUD-065,Eletrônicos,Áudio
PRD-CA-DEC-066,Casa,Decoração
PRD-EL-NOT-079,Eletrônicos,Notebooks
PRD-CA-DEC-029,Casa,Decoração
PRD-EL-POR-029,Eletrodomésticos,Portáteis
PRD-EL-LIN-035,Eletrodomésticos,Linha Branca
PRD-EL-SMA-083,Eletrônicos,Smartphones
PRD-CA-DEC-075,Casa,Decoração
PRD-CA-COZ-034,Casa,Cozinha
PRD-EL-CLI-034,Eletrodomésticos,Climatização
PRD-EL-SMA-062,Eletrônicos,Smartphones
PRD-EL-CLI-022,Eletrodomésticos,Climatização
PRD-EL-ÁUD-059,Eletrônicos,Áudio
PRD-EL-ACE-081,Eletrônicos,Acessórios
PRD-CA-ORG-079,Casa,Organização
PRD-CA-MÓV-077,Casa,Móveis
PRD-CA-DEC-074,Casa,Decoração
PRD-EL-POR-012,Eletrodomésticos,Portáteis
PRD-EL-POR-020,Eletrodomésticos,Portáteis
PRD-CA-ORG-002,Casa,Organização
PRD-EL-SMA-049,Eletrônicos,Smartphones
PRD-CA-MÓV-054,Casa,Móveis
PRD-CA-MÓV-074,Casa,Móveis
PRD-CA-MÓV-082,Casa,Móveis
PRD-CA-MÓV-027,Casa,Móveis
PRD-EL-LIN-082,Eletrodomésticos,Linha Branca
PRD-CA-MÓV-085,Casa,Móveis
PRD-CA-DEC-040,Casa,Decoração
PRD-CA-COZ-033,Casa,Cozinha
PRD-EL-NOT-007,Eletrônicos,Notebooks
PRD-EL-LIN-073,Eletrodomésticos,Linha Branca
PRD-CA-COZ-056,Casa,Cozinha
PRD-EL-ACE-080,Eletrônicos,Acessórios
PRD-CA-DEC-033,Casa,Decoração
PRD-CA-MÓV-017,Casa,Móveis
PRD-EL-CLI-049,Eletrodomésticos,Climatização
PRD-CA-MÓV-025,Casa,Móveis
PRD-EL-POR-051,Eletrodomésticos,Portáteis
PRD-EL-LIN-040,Eletrodomésticos,Linha Branca
PRD-CA-ORG-001,Casa,Organização
PRD-EL-CLI-083,Eletrodomésticos,Climatização
PRD-CA-DEC-073,Casa,Decoração
PRD-EL-CLI-026,Eletrodomésticos,Climatização
PRD-CA-MÓV-046,Casa,Móveis
PRD-EL-SMA-082,Eletrônicos,Smartphones
PRD-CA-DEC-036,Casa,Decoração
PRD-EL-SMA-029,Eletrônicos,Smartphones
PRD-CA-COZ-004,Casa,Cozinha
PRD-EL-CLI-007,Eletrodomésticos,Climatização
PRD-EL-LIN-068,Eletrodomésticos,Linha Branca
PRD-CA-COZ-084,Casa,Cozinha
PRD-EL-ACE-034,Eletrônicos,Acessórios
PRD-CA-COZ-074,Casa,Cozinha
PRD-CA-ORG-059,Casa,Organização
PRD-EL-POR-064,Eletrodomésticos,Portáteis
PRD-EL-ACE-085,Eletrônicos,Acessórios
PRD-CA-DEC-072,Casa,Decoração
PRD-CA-MÓV-035,Casa,Móveis
PRD-EL-NOT-081,Eletrônicos,Notebooks
PRD-EL-SMA-009,Eletrônicos,Smartphones
PRD-CA-ORG-018,Casa,Organização
PRD-EL-NOT-084,Eletrônicos,Notebooks
PRD-CA-DEC-059,Casa,Decoração
PRD-EL-ÁUD-071,Eletrônicos,Áudio
PRD-CA-ORG-037,Casa,Organização
PRD-EL-POR-022,Eletrodomésticos,Portáteis
PRD-EL-LIN-077,Eletrodomésticos,Linha Branca
PRD-EL-ÁUD-074,Eletrônicos,Áudio
PRD-CA-DEC-013,Casa,Decoração
PRD-EL-LIN-017,Eletrodomésticos,Linha Branca
PRD-CA-MÓV-059,Casa,Móveis
PRD-EL-ÁUD-060,Eletrônicos,Áudio
PRD-EL-ÁUD-005,Eletrônicos,Áudio
PRD-CA-MÓV-001,Casa,Móveis
PRD-EL-CLI-046,Eletrodomésticos,Climatização
PRD-EL-CLI-059,Eletrodomésticos,Climatização
PRD-CA-DEC-034,Casa,Decoração
PRD-EL-SMA-052,Eletrônicos,Smartphones
PRD-EL-POR-005,Eletrodomésticos,Portáteis
PRD-EL-ACE-056,Eletrônicos,Acessórios
PRD-CA-ORG-011,Casa,Organização
PRD-EL-ÁUD-078,Eletrônicos,Áudio
PRD-EL-ÁUD-055,Eletrônicos,Áudio
PRD-CA-DEC-031,Casa,Decoração
PRD-EL-SMA-050,Eletrônicos,Smartphones
PRD-CA-MÓV-004,Casa,Móveis
PRD-CA-MÓV-084,Casa,Móveis
PRD-CA-MÓV-039,Casa,Móveis
PRD-CA-DEC-030,Casa,Decoração
PRD-EL-LIN-028,Eletrodomésticos,Linha Branca
PRD-EL-NOT-068,Eletrônicos,Notebooks
PRD-CA-ORG-015,Casa,Organização
PRD-CA-ORG-039,Casa,Organização
PRD-EL-SMA-074,Eletrônicos,Smartphones
PRD-EL-ÁUD-052,Eletrônicos,Áudio
PRD-CA-MÓV-023,Casa,Móveis
PRD-CA-ORG-074,Casa,Organização
PRD-EL-LIN-010,Eletrodomésticos,Linha Branca
PRD-EL-POR-028,Eletrodomésticos,Portáteis
PRD-EL-SMA-019,Eletrônicos,Smartphones
PRD-EL-POR-035,Eletrodomésticos,Portáteis
PRD-EL-POR-003,Eletrodomésticos,Portáteis
PRD-CA-DEC-064,Casa,Decoração
PRD-CA-COZ-051,Casa,Cozinha
PRD-CA-MÓV-016,Casa,Móveis
PRD-CA-DEC-028,Casa,Decoração
PRD-EL-ÁUD-021,Eletrônicos,Áudio
PRD-EL-CLI-073,Eletrodomésticos,Climatização
PRD-CA-ORG-033,Casa,Organização
PRD-EL-ACE-076,Eletrônicos,Acessórios
PRD-EL-ÁUD-019,Eletrônicos,Áudio
PRD-EL-NOT-019,Eletrônicos,Notebooks
PRD-CA-DEC-054,Casa,Decoração
PRD-CA-COZ-078,Casa,Cozinha
PRD-CA-MÓV-065,Casa,Móveis
PRD-EL-POR-008,Eletrodomésticos,Portáteis
PRD-EL-ACE-009,Eletrônicos,Acessórios
PRD-EL-CLI-053,Eletrodomésticos,Climatização
PRD-EL-NOT-050,Eletrônicos,Notebooks
PRD-CA-DEC-035,Casa,Decoração
PRD-EL-CLI-067,Eletrodomésticos,Climatização
PRD-EL-CLI-024,Eletrodomésticos,Climatização
PRD-EL-SMA-073,Eletrônicos,Smartphones
PRD-EL-ÁUD-001,Eletrônicos,Áudio
PRD-EL-SMA-063,Eletrônicos,Smartphones
PRD-EL-LIN-042,Eletrodomésticos,Linha Branca
PRD-EL-SMA-046,Eletrônicos,Smartphones
PRD-CA-ORG-008,Casa,Organização
PRD-CA-MÓV-037,Casa,Móveis
PRD-EL-NOT-059,Eletrônicos,Notebooks
PRD-EL-ACE-033,Eletrônicos,Acessórios
PRD-CA-DEC-041,Casa,Decoração
PRD-EL-CLI-045,Eletrodomésticos,Climatização
PRD-EL-CLI-015,Eletrodomésticos,Climatização
PRD-EL-POR-077,Eletrodomésticos,Portáteis
PRD-CA-MÓV-026,Casa,Móveis
PRD-EL-ÁUD-010,Eletrônicos,Áudio
PRD-EL-POR-084,Eletrodomésticos,Portáteis
PRD-EL-CLI-076,Eletrodomésticos,Climatização
PRD-EL-ACE-010,Eletrônicos,Acessórios
PRD-EL-POR-076,Eletrodomésticos,Portáteis
PRD-CA-DEC-044,Casa,Decoração
PRD-EL-NOT-013,Eletrônicos,Notebooks
PRD-CA-ORG-044,Casa,Organização
PRD-CA-MÓV-048,Casa,Móveis
PRD-EL-ACE-025,Eletrônicos,Acessórios
PRD-CA-ORG-070,Casa,Organização
PRD-EL-POR-023,Eletrodomésticos,Portáteis
PRD-CA-DEC-082,Casa,Decoração
PRD-EL-CLI-065,Eletrodomésticos,Climatização
PRD-CA-MÓV-020,Casa,Móveis
PRD-EL-LIN-020,Eletrodomésticos,Linha Branca
PRD-EL-ÁUD-062,Eletrônicos,Áudio
PRD-EL-SMA-034,Eletrônicos,Smartphones
PRD-EL-NOT-052,Eletrônicos,Notebooks
PRD-EL-SMA-003,Eletrônicos,Smartphones
PRD-CA-MÓV-011,Casa,Móveis
PRD-EL-NOT-065,Eletrônicos,Notebooks
PRD-EL-NOT-020,Eletrônicos,Notebooks
PRD-CA-MÓV-019,Casa,Móveis
PRD-EL-ÁUD-045,Eletrônicos,Áudio
PRD-CA-COZ-006,Casa,Cozinha
PRD-CA-DEC-038,Casa,Decoração
PRD-CA-COZ-071,Casa,Cozinha
PRD-EL-ACE-024,Eletrônicos,Acessórios
PRD-EL-ÁUD-073,Eletrônicos,Áudio
PRD-EL-SMA-005,Eletrônicos,Smartphones
PRD-CA-DEC-007,Casa,Decoração
PRD-CA-COZ-014,Casa,Cozinha
PRD-CA-ORG-036,Casa,Organização
PRD-CA-MÓV-051,Casa,Móveis
PRD-EL-CLI-036,Eletrodomésticos,Climatização
PRD-EL-ACE-029,Eletrônicos,Acessórios
PRD-CA-COZ-015,Casa,Cozinha
PRD-EL-LIN-071,Eletrodomésticos,Linha Branca
PRD-EL-SMA-013,Eletrônicos,Smartphones
PRD-CA-ORG-073,Casa,Organização
PRD-EL-POR-032,Eletrodomésticos,Portáteis
PRD-CA-MÓV-066,Casa,Móveis
PRD-EL-ÁUD-027,Eletrônicos,Áudio
PRD-CA-MÓV-014,Casa,Móveis
PRD-CA-DEC-060,Casa,Decoração
PRD-EL-CLI-009,Eletrodomésticos,Climatização
PRD-EL-ACE-074,Eletrônicos,Acessórios
PRD-CA-DEC-008,Casa,Decoração
PRD-EL-ÁUD-058,Eletrônicos,Áudio
PRD-EL-ACE-071,Eletrônicos,Acessórios
PRD-EL-ÁUD-037,Eletrônicos,Áudio
PRD-EL-LIN-007,Eletrodomésticos,Linha Branca
PRD-CA-ORG-021,Casa,Organização
PRD-EL-ACE-082,Eletrônicos,Acessórios
PRD-CA-COZ-067,Casa,Cozinha
PRD-EL-SMA-032,Eletrônicos,Smartphones
PRD-EL-CLI-025,Eletrodomésticos,Climatização
PRD-EL-NOT-045,Eletrônicos,Notebooks
PRD-CA-MÓV-029,Casa,Móveis
PRD-EL-LIN-038,Eletrodomésticos,Linha Branca
PRD-EL-LIN-058,Eletrodomésticos,Linha Branca
PRD-EL-SMA-048,Eletrônicos,Smartphones
PRD-EL-ACE-026,Eletrônicos,Acessórios
PRD-CA-ORG-060,Casa,Organização
PRD-EL-NOT-014,Eletrônicos,Notebooks
PRD-CA-DEC-057,Casa,Decoração
PRD-EL-POR-007,Eletrodomésticos,Portáteis
PRD-EL-SMA-064,Eletrônicos,Smartphones
PRD-CA-MÓV-007,Casa,Móveis
PRD-EL-SMA-043,Eletrônicos,Smartphones
PRD-EL-LIN-076,Eletrodomésticos,Linha Branca
PRD-CA-COZ-020,Casa,Cozinha
PRD-CA-COZ-021,Casa,Cozinha
PRD-EL-CLI-079,Eletrodomésticos,Climatização
PRD-EL-ÁUD-029,Eletrônicos,Áudio
PRD-CA-DEC-047,Casa,Decoração
PRD-EL-CLI-029,Eletrodomésticos,Climatização
PRD-EL-LIN-002,Eletrodomésticos,Linha Branca
PRD-CA-DEC-004,Casa,Decoração
PRD-EL-POR-027,Eletrodomésticos,Portáteis
PRD-CA-ORG-049,Casa,Organização
PRD-EL-POR-047,Eletrodomésticos,Portáteis
PRD-EL-POR-030,Eletrodomésticos,Portáteis
PRD-EL-ACE-073,Eletrônicos,Acessórios
PRD-CA-ORG-081,Casa,Organização
PRD-EL-CLI-062,Eletrodomésticos,Climatização
PRD-CA-ORG-017,Casa,Organização
PRD-CA-ORG-061,Casa,Organização
PRD-CA-ORG-082,Casa,Organização
PRD-EL-NOT-053,Eletrônicos,Notebooks
PRD-EL-SMA-025,Eletrônicos,Smartphones
PRD-EL-CLI-064,Eletrodomésticos,Climatização
PRD-CA-COZ-023,Casa,Cozinha
PRD-CA-MÓV-061,Casa,Móveis
PRD-EL-ACE-018,Eletrônicos,Acessórios
PRD-CA-ORG-032,Casa,Organização
PRD-EL-CLI-041,Eletrodomésticos,Climatização
PRD-EL-LIN-036,Eletrodomésticos,Linha Branca
PRD-EL-ACE-015,Eletrônicos,Acessórios
PRD-CA-COZ-038,Casa,Cozinha
PRD-CA-DEC-067,Casa,Decoração
PRD-EL-SMA-020,Eletrônicos,Smartphones
PRD-CA-COZ-041,Casa,Cozinha
PRD-EL-POR-070,Eletrodomésticos,Portáteis
PRD-EL-ÁUD-030,Eletrônicos,Áudio
PRD-EL-POR-066,Eletrodomésticos,Portáteis
PRD-EL-SMA-076,Eletrônicos,Smartphones
PRD-EL-LIN-033,Eletrodomésticos,Linha Branca
PRD-CA-COZ-030,Casa,Cozinha
PRD-EL-CLI-056,Eletrodomésticos,Climatização
PRD-EL-POR-079,Eletrodomésticos,Portáteis
PRD-EL-CLI-072,Eletrodomésticos,Climatização
PRD-CA-COZ-046,Casa,Cozinha
PRD-CA-MÓV-057,Casa,Móveis
PRD-EL-SMA-040,Eletrônicos,Smartphones
PRD-CA-DEC-021,Casa,Decoração
PRD-EL-SMA-070,Eletrônicos,Smartphones
PRD-EL-SMA-055,Eletrônicos,Smartphones
PRD-EL-SMA-041,Eletrônicos,Smartphones
PRD-EL-LIN-005,Eletrodomésticos,Linha Branca
PRD-CA-MÓV-075,Casa,Móveis
PRD-CA-MÓV-062,Casa,Móveis
PRD-EL-ÁUD-082,Eletrônicos,Áudio
PRD-EL-NOT-036,Eletrônicos,Notebooks
PRD-EL-CLI-010,Eletrodomésticos,Climatização
PRD-CA-MÓV-081,Casa,Móveis
PRD-CA-COZ-040,Casa,Cozinha
PRD-EL-ACE-012,Eletrônicos,Acessórios
PRD-EL-ACE-054,Eletrônicos,Acessórios
PRD-EL-CLI-037,Eletrodomésticos,Climatização
PRD-CA-COZ-027,Casa,Cozinha
PRD-EL-CLI-023,Eletrodomésticos,Climatização
PRD-CA-DEC-032,Casa,Decoração
PRD-EL-POR-083,Eletrodomésticos,Portáteis
PRD-EL-SMA-033,Eletrônicos,Smartphones
PRD-EL-CLI-057,Eletrodomésticos,Climatização
PRD-CA-MÓV-015,Casa,Móveis
PRD-EL-ACE-023,Eletrônicos,Acessórios
PRD-EL-LIN-074,Eletrodomésticos,Linha Branca
PRD-EL-SMA-054,Eletrônicos,Smartphones
PRD-CA-COZ-010,Casa,Cozinha
PRD-EL-ACE-072,Eletrônicos,Acessórios
PRD-EL-NOT-025,Eletrônicos,Notebooks
PRD-CA-MÓV-072,Casa,Móveis
PRD-EL-POR-059,Eletrodomésticos,Portáteis
PRD-EL-ACE-031,Eletrônicos,Acessórios
PRD-CA-ORG-010,Casa,Organização
PRD-EL-CLI-054,Eletrodomésticos,Climatização
PRD-EL-ÁUD-076,Eletrônicos,Áudio
PRD-EL-ÁUD-014,Eletrônicos,Áudio
PRD-CA-ORG-041,Casa,Organização
PRD-CA-MÓV-041,Casa,Móveis
PRD-EL-CLI-077,Eletrodomésticos,Climatização
PRD-CA-DEC-079,Casa,Decoração
PRD-CA-ORG-004,Casa,Organização
PRD-EL-POR-065,Eletrodomésticos,Portáteis
PRD-EL-LIN-064,Eletrodomésticos,Linha Branca
PRD-EL-ÁUD-002,Eletrônicos,Áudio
PRD-CA-COZ-058,Casa,Cozinha
PRD-EL-ACE-035,Eletrônicos,Acessórios
PRD-EL-POR-057,Eletrodomésticos,Portáteis
PRD-EL-LIN-009,Eletrodomésticos,Linha Branca
PRD-CA-ORG-046,Casa,Organização
PRD-CA-DEC-078,Casa,Decoração
PRD-CA-ORG-050,Casa,Organização
PRD-CA-DEC-049,Casa,Decoração
PRD-CA-MÓV-045,Casa,Móveis
PRD-CA-COZ-048,Casa,Cozinha
